{
    "info": "kitchen scene",
    "scene": {
        "wall_1": {
            "pos": [
                1.0,
                0.0,
                -1.0
            ],
            "quat": [
                1.0,
                0.0,
                0.0,
                0.0
            ],
            "pose": [
                1.0,
                0.0,
                -1.0,
                1.0,
                0.0,
                0.0,
                0.0
            ],
            "scale": [
                1.0,
                1.0,
                1.0
            ],
            "obj_path": "asset/kitchen/wall_1/meshes/wall_1.obj",
            "xml_path": "asset/kitchen/wall_1/wall_1.xml"
        },
        "wall_2": {
            "pos": [
                0.7,
                0.4,
                0.6
            ],
            "quat": [
                1.0,
                0.0,
                0.0,
                0.0
            ],
            "pose": [
                0.7,
                0.4,
                0.6,
                1.0,
                0.0,
                0.0,
                0.0
            ],
            "scale": [
                1.0,
                1.0,
                1.0
            ],
            "obj_path": "asset/kitchen/wall_2/meshes/wall_2.obj",
            "xml_path": "asset/kitchen/wall_2/wall_2.xml"
        },
        "cylinder_2": {
            "pos": [
                0.6945273604055818,
                0.5072635287722862,
                0.640633076123118
            ],
            "quat": [
                0.9923296600420591,
                -0.029039172859696562,
                0.010806485125851806,
                0.11967369017316096
            ],
            "pose": [
                0.6945273604055818,
                0.5072635287722862,
                0.640633076123118,
                0.9923296600420591,
                -0.029039172859696562,
                0.010806485125851806,
                0.11967369017316096
            ],
            "scale": [
                1.0,
                1.0,
                1.0
            ],
            "obj_path": "asset/object/meshes/cylinder_2.obj",
            "xml_path": "asset/object/cylinder_2.xml"
        },
        "tray_1": {
            "pos": [
                0.4,
                -0.55,
                0.0
            ],
            "quat": [
                0.7073882691671998,
                0.0,
                0.0,
                0.706825181105366
            ],
            "pose": [
                0.4,
                -0.55,
                0.0,
                0.7073882691671998,
                0.0,
                0.0,
                0.706825181105366
            ],
            "scale": [
                1.0,
                1.0,
                1.0
            ],
            "obj_path": "asset/kitchen/tray_1/meshes/tray_1.obj",
            "xml_path": "asset/kitchen/tray_1/tray_1.xml"
        },
        "table": {
            "pos": [
                0.5,
                0.0,
                -1.0
            ],
            "quat": [
                1.0,
                0.0,
                0.0,
                0.0
            ],
            "pose": [
                0.5,
                0.0,
                -1.0,
                1.0,
                0.0,
                0.0,
                0.0
            ],
            "scale": [
                1.0,
                1.0,
                1.0
            ],
            "obj_path": "asset/table/meshes/table.obj",
            "xml_path": "asset/table/table.xml"
        },
        "can_1": {
            "pos": [
                0.6,
                0.23,
                0.62
            ],
            "quat": [
                1.0,
                0.0,
                0.0,
                0.0
            ],
            "pose": [
                0.6,
                0.23,
                0.62,
                1.0,
                0.0,
                0.0,
                0.0
            ],
            "scale": [
                1.0,
                1.0,
                1.0
            ],
            "obj_path": "asset/kitchen/can_1/meshes/can_1.obj",
            "xml_path": "asset/kitchen/can_1/can_1.xml"
        },
        "can_2": {
            "pos": [
                0.6,
                0.13,
                0.62
            ],
            "quat": [
                1.0,
                0.0,
                0.0,
                0.0
            ],
            "pose": [
                0.6,
                0.13,
                0.62,
                1.0,
                0.0,
                0.0,
                0.0
            ],
            "scale": [
                1.0,
                1.0,
                1.0
            ],
            "obj_path": "asset/kitchen/can_2/meshes/can_2.obj",
            "xml_path": "asset/kitchen/can_2/can_2.xml"
        }
    },
    "qpos": {
        "panda": {
            "pick": [
                0.9881722292777071,
                0.8674828331716684,
                -0.7976476865231348,
                -0.4779778582214176,
                -0.2413716492835074,
                2.611257012429876,
                1.525731895681043
            ],
            "place": [
                0.4634764462355374,
                -1.6218126658733412,
                -2.017630570694293,
                -2.009222705772942,
                -2.7720220007799923,
                3.7525,
                1.6260933640663588
            ],
            "T_palm_pick": [
                [
                    0.9711228555191261,
                    -0.23813912735017348,
                    0.014496741470979584,
                    0.6362413492335482
                ],
                [
                    0.2368838817918719,
                    0.969669868639926,
                    0.060219368969154426,
                    0.5498966497551306
                ],
                [
                    -0.028397641373764125,
                    -0.0550463611579067,
                    0.9980798926376987,
                    0.7390997603209507
                ],
                [
                    0.0,
                    0.0,
                    0.0,
                    1.0
                ]
            ],
            "T_palm2obj": [
                [
                    1.0,
                    3.2114933169128e-17,
                    -1.1503692224830899e-20,
                    0.05828601117203358
                ],
                [
                    3.239550932753252e-17,
                    1.0,
                    -4.8263733956155845e-18,
                    -0.04263312098284455
                ],
                [
                    -1.009398572476126e-18,
                    1.8328404695194418e-18,
                    1.0,
                    -0.09846668419783267
                ],
                [
                    0.0,
                    0.0,
                    0.0,
                    1.0
                ]
            ]
        },
        "inspire": {
            "joint_names": [
                "left_thumb_1_joint",
                "left_thumb_2_joint",
                "left_thumb_3_joint",
                "left_thumb_4_joint",
                "left_index_1_joint",
                "left_index_2_joint",
                "left_middle_1_joint",
                "left_middle_2_joint",
                "left_ring_1_joint",
                "left_ring_2_joint",
                "left_little_1_joint",
                "left_little_2_joint"
            ],
            "qpos": [
                1.16,
                0.17,
                0.136408,
                0.0,
                0.65,
                0.7047950000000001,
                0.65,
                0.7047950000000001,
                0.65,
                0.7047950000000001,
                0.6,
                0.65058
            ]
        }
    }
}