{
    "pick": [
        2.49,
        -1.35,
        -1.48,
        -2.45,
        -2.9,
        1.35,
        2.47
    ],
    "place": [
        1.41,
        -1.75,
        -1.51,
        -1.85,
        -2.46,
        2.99,
        1.51
    ],
    "T_palm_pick": [
        [
            0.9999813240326341,
            -0.002937161906817479,
            0.005359539707215371,
            0.4926423492995482
        ],
        [
            0.0029251759754067613,
            0.9999932064764371,
            0.0022428433932553137,
            0.35917704380433396
        ],
        [
            -0.0053660908912339725,
            -0.0022271239091942196,
            0.9999831223513925,
            0.3722020801364032
        ],
        [
            0.0,
            0.0,
            0.0,
            1.0
        ]
    ],
    "T_palm2obj": [
        [
            1.0,
            9.800954913253696e-20,
            -3.107402948428178e-19,
            0.04912377755533548
        ],
        [
            3.986552860550119e-19,
            1.0,
            -3.2263024899034176e-19,
            -0.04979002111053432
        ],
        [
            5.521858180768975e-19,
            -3.177408140961441e-19,
            1.0,
            -0.06015262485134354
        ],
        [
            0.0,
            0.0,
            0.0,
            1.0
        ]
    ]
}