{
    "pick": [
        0.9881722292777071,
        0.8674828331716684,
        -0.7976476865231348,
        -0.4779778582214176,
        -0.2413716492835074,
        2.611257012429876,
        1.525731895681043
    ],
    "place": [
        0.4634764462355374,
        -1.6218126658733412,
        -2.017630570694293,
        -2.009222705772942,
        -2.7720220007799923,
        3.7525,
        1.6260933640663588
    ],
    "T_palm_pick": [
        [
            0.9711228555191261,
            -0.23813912735017348,
            0.014496741470979584,
            0.6362413492335482
        ],
        [
            0.2368838817918719,
            0.969669868639926,
            0.060219368969154426,
            0.5498966497551306
        ],
        [
            -0.028397641373764125,
            -0.0550463611579067,
            0.9980798926376987,
            0.7390997603209507
        ],
        [
            0.0,
            0.0,
            0.0,
            1.0
        ]
    ],
    "T_palm2obj": [
        [
            1.0,
            3.2114933169128e-17,
            -1.1503692224830899e-20,
            0.05828601117203358
        ],
        [
            3.239550932753252e-17,
            1.0,
            -4.8263733956155845e-18,
            -0.04263312098284455
        ],
        [
            -1.009398572476126e-18,
            1.8328404695194418e-18,
            1.0,
            -0.09846668419783267
        ],
        [
            0.0,
            0.0,
            0.0,
            1.0
        ]
    ]
}