{
    "pick": [
        2.19,
        -0.67,
        -0.98,
        -2.0,
        -2.11,
        1.81,
        2.37
    ],
    "place": [
        1.41,
        -1.75,
        -1.51,
        -1.85,
        -2.46,
        2.99,
        1.51
    ],
    "T_palm_pick": [
        [
            0.9999827225902417,
            -0.0023531259672243702,
            0.005386772613539261,
            0.4866917073261504
        ],
        [
            0.0023725319745526727,
            0.9999907091798864,
            -0.0035989784574935748,
            0.3618628232094274
        ],
        [
            -0.005378253716340488,
            0.0036116965667332174,
            0.9999790147972468,
            0.6733733364897699
        ],
        [
            0.0,
            0.0,
            0.0,
            1.0
        ]
    ],
    "T_palm2obj": [
        [
            0.9999999999999999,
            -6.105478622705534e-19,
            -4.274796826980562e-19,
            0.04909312754005435
        ],
        [
            -3.7893096019888926e-19,
            0.9999999999999999,
            -4.7650651261474275e-20,
            -0.049466632783363274
        ],
        [
            -1.661604165949674e-19,
            -5.176388266987582e-19,
            1.0,
            -0.06044375128507373
        ],
        [
            0.0,
            0.0,
            0.0,
            1.0
        ]
    ]
}