{
    "pick": [
        0.9881722292777071,
        0.8674828331716684,
        -0.7976476865231348,
        -0.4779778582214176,
        -0.2413716492835074,
        2.611257012429876,
        1.525731895681043
    ],
    "place": [
        0.4634764462355374,
        -1.6218126658733412,
        -2.017630570694293,
        -2.009222705772942,
        -2.7720220007799923,
        3.7525,
        1.6260933640663588
    ],
    "T_palm2obj": [
        [
            -0.014400814531544045,
            -0.060242380872170403,
            0.9980798926376977,
            -0.12095152807953913
        ],
        [
            -0.23968317286919477,
            0.969289365858631,
            0.05504636115790612,
            0.05701069884772991
        ],
        [
            -0.9707443500655473,
            -0.2384302430066775,
            -0.028397641373764333,
            0.053479923195253964
        ],
        [
            0.0,
            0.0,
            0.0,
            1.0
        ]
    ]
}